emotion,precision,recall,f1-score,support,class_accuracy
angry,0.3464566929133858,0.9166666666666666,0.5028571428571429,48.0,0.546875
happy,0.13636363636363635,0.0625,0.08571428571428572,48.0,0.6666666666666666
neutral,0.4,0.125,0.19047619047619047,48.0,0.734375
sad,0.42857142857142855,0.25,0.3157894736842105,48.0,0.7291666666666666
accuracy,0.3385416666666667,0.3385416666666667,0.3385416666666667,192.0,0.3385416666666667
macro avg,0.3278479394621127,0.33854166666666663,0.2737092731829574,192.0,
weighted avg,0.3278479394621127,0.3385416666666667,0.2737092731829574,192.0,
