emotion,precision,recall,f1-score,support,class_accuracy
angry,0.25149700598802394,0.9882352941176471,0.4009546539379475,85.0,0.26176470588235295
happy,0.0,0.0,0.0,85.0,0.75
neutral,0.0,0.0,0.0,85.0,0.7323529411764705
sad,0.0,0.0,0.0,85.0,0.75
accuracy,0.24705882352941178,0.24705882352941178,0.24705882352941178,340.0,0.24705882352941178
macro avg,0.562874251497006,0.24705882352941178,0.10023866348448687,340.0,
weighted avg,0.562874251497006,0.24705882352941178,0.10023866348448689,340.0,
