emotion,precision,recall,f1-score,support,class_accuracy
angry,0.3051948051948052,0.9791666666666666,0.4653465346534653,48.0,0.4375
happy,0.0,0.0,0.0,48.0,0.75
neutral,0.3888888888888889,0.2916666666666667,0.3333333333333333,48.0,0.7083333333333334
sad,0.0,0.0,0.0,48.0,0.7395833333333334
accuracy,0.3177083333333333,0.3177083333333333,0.3177083333333333,192.0,0.3177083333333333
macro avg,0.4235209235209235,0.3177083333333333,0.19966996699669967,192.0,
weighted avg,0.4235209235209236,0.3177083333333333,0.1996699669966997,192.0,
