emotion,precision,recall,f1-score,support,class_accuracy
angry,0.3435114503816794,0.9375,0.5027932960893855,48.0,0.5364583333333334
happy,0.5,0.14583333333333334,0.22580645161290322,48.0,0.75
neutral,0.0,0.0,0.0,48.0,0.7447916666666666
sad,0.34782608695652173,0.3333333333333333,0.3404255319148936,48.0,0.6770833333333334
accuracy,0.3541666666666667,0.3541666666666667,0.3541666666666667,192.0,0.3541666666666667
macro avg,0.2978343843345503,0.35416666666666663,0.2672563199042956,192.0,
weighted avg,0.2978343843345503,0.3541666666666667,0.2672563199042956,192.0,
