emotion,precision,recall,f1-score,support,class_accuracy
angry,0.0,0.0,0.0,85.0,0.75
happy,0.24778761061946902,0.9882352941176471,0.39622641509433965,85.0,0.24705882352941178
neutral,0.0,0.0,0.0,85.0,0.7470588235294118
sad,0.0,0.0,0.0,85.0,0.75
accuracy,0.24705882352941178,0.24705882352941178,0.24705882352941178,340.0,0.24705882352941178
macro avg,0.5619469026548672,0.24705882352941178,0.09905660377358491,340.0,
weighted avg,0.5619469026548674,0.24705882352941178,0.09905660377358491,340.0,
