emotion,precision,recall,f1-score,support,class_accuracy
angry,0.6428571428571429,0.9375,0.7627118644067797,48.0,0.8541666666666666
happy,0.75,0.4375,0.5526315789473685,48.0,0.8229166666666666
neutral,0.6,0.6875,0.6407766990291262,48.0,0.8072916666666666
sad,0.48717948717948717,0.3958333333333333,0.43678160919540227,48.0,0.7447916666666666
accuracy,0.6145833333333334,0.6145833333333334,0.6145833333333334,192.0,0.6145833333333334
macro avg,0.6200091575091575,0.6145833333333334,0.5982254378946692,192.0,
weighted avg,0.6200091575091575,0.6145833333333334,0.5982254378946692,192.0,
