emotion,precision,recall,f1-score,support,class_accuracy
angry,0.72,0.75,0.7346938775510204,48.0,0.8645833333333334
happy,0.5128205128205128,0.4166666666666667,0.4597701149425287,48.0,0.7552083333333334
neutral,0.5178571428571429,0.6041666666666666,0.5576923076923077,48.0,0.7604166666666666
sad,0.5319148936170213,0.5208333333333334,0.5263157894736842,48.0,0.765625
accuracy,0.5729166666666666,0.5729166666666666,0.5729166666666666,192.0,0.5729166666666666
macro avg,0.5706481373236693,0.5729166666666667,0.5696180224148852,192.0,
weighted avg,0.5706481373236693,0.5729166666666666,0.5696180224148852,192.0,
