emotion,precision,recall,f1-score,support,class_accuracy
angry,0.0,0.0,0.0,85.0,0.75
happy,0.15476190476190477,0.15294117647058825,0.15384615384615385,85.0,0.5794117647058824
neutral,0.24242424242424243,0.3764705882352941,0.29493087557603687,85.0,0.55
sad,0.3951612903225806,0.5764705882352941,0.4688995215311004,85.0,0.6735294117647059
accuracy,0.27647058823529413,0.27647058823529413,0.27647058823529413,340.0,0.27647058823529413
macro avg,0.44808685937718196,0.27647058823529413,0.2294191377383228,340.0,
weighted avg,0.4480868593771819,0.27647058823529413,0.22941913773832284,340.0,
