emotion,precision,recall,f1-score,support,class_accuracy
angry,0.6896551724137931,0.8333333333333334,0.7547169811320755,48.0,0.8645833333333334
happy,0.7333333333333333,0.6875,0.7096774193548386,48.0,0.859375
neutral,0.7428571428571429,0.5416666666666666,0.6265060240963857,48.0,0.8385416666666666
sad,0.6296296296296297,0.7083333333333334,0.6666666666666667,48.0,0.8229166666666666
accuracy,0.6927083333333334,0.6927083333333334,0.6927083333333334,192.0,0.6927083333333334
macro avg,0.6988688195584748,0.6927083333333334,0.6893917728124915,192.0,
weighted avg,0.6988688195584748,0.6927083333333334,0.6893917728124915,192.0,
