emotion,precision,recall,f1-score,support,class_accuracy
angry,0.2916666666666667,0.9882352941176471,0.450402144772118,85.0,0.39705882352941174
happy,0.0,0.0,0.0,85.0,0.7382352941176471
neutral,0.4791666666666667,0.27058823529411763,0.3458646616541353,85.0,0.7441176470588236
sad,0.0,0.0,0.0,85.0,0.75
accuracy,0.31470588235294117,0.31470588235294117,0.31470588235294117,340.0,0.31470588235294117
macro avg,0.44270833333333337,0.31470588235294117,0.1990667016065633,340.0,
weighted avg,0.44270833333333337,0.31470588235294117,0.1990667016065633,340.0,
