emotion,precision,recall,f1-score,support,class_accuracy
angry,0.21212121212121213,0.08235294117647059,0.11864406779661016,85.0,0.6941176470588235
happy,0.22672064777327935,0.6588235294117647,0.3373493975903614,85.0,0.35294117647058826
neutral,0.0,0.0,0.0,85.0,0.7382352941176471
sad,0.4107142857142857,0.27058823529411763,0.326241134751773,85.0,0.7205882352941176
accuracy,0.2529411764705882,0.2529411764705882,0.2529411764705882,340.0,0.2529411764705882
macro avg,0.2123890364021943,0.2529411764705882,0.19555865003468617,340.0,
weighted avg,0.21238903640219428,0.2529411764705882,0.19555865003468614,340.0,
