emotion,precision,recall,f1-score,support,class_accuracy
angry,0.7678571428571429,0.8958333333333334,0.8269230769230769,48.0,0.90625
happy,0.5869565217391305,0.5625,0.5744680851063831,48.0,0.7916666666666666
neutral,0.7631578947368421,0.6041666666666666,0.6744186046511628,48.0,0.8541666666666666
sad,0.5384615384615384,0.5833333333333334,0.5599999999999999,48.0,0.7708333333333334
accuracy,0.6614583333333334,0.6614583333333334,0.6614583333333334,192.0,0.6614583333333334
macro avg,0.6641082744486635,0.6614583333333334,0.6589524416701557,192.0,
weighted avg,0.6641082744486635,0.6614583333333334,0.6589524416701558,192.0,
