emotion,precision,recall,f1-score,support,class_accuracy
angry,0.4639175257731959,0.5294117647058824,0.4945054945054945,85.0,0.7294117647058823
happy,0.4603174603174603,0.6823529411764706,0.5497630331753555,85.0,0.7205882352941176
neutral,0.41379310344827586,0.4235294117647059,0.4186046511627907,85.0,0.7058823529411765
sad,0.8666666666666667,0.3058823529411765,0.4521739130434783,85.0,0.8147058823529412
accuracy,0.4852941176470588,0.4852941176470588,0.4852941176470588,340.0,0.4852941176470588
macro avg,0.5511736890513996,0.4852941176470589,0.47876177297177974,340.0,
weighted avg,0.5511736890513997,0.4852941176470588,0.4787617729717798,340.0,
