emotion,precision,recall,f1-score,support,class_accuracy
angry,0.2711864406779661,1.0,0.4266666666666667,48.0,0.328125
happy,0.07142857142857142,0.020833333333333332,0.03225806451612903,48.0,0.6875
neutral,0.0,0.0,0.0,48.0,0.75
sad,1.0,0.020833333333333332,0.04081632653061225,48.0,0.7552083333333334
accuracy,0.2604166666666667,0.2604166666666667,0.2604166666666667,192.0,0.2604166666666667
macro avg,0.5856537530266344,0.26041666666666663,0.124935264428352,192.0,
weighted avg,0.5856537530266344,0.2604166666666667,0.12493526442835197,192.0,
