emotion,precision,recall,f1-score,support,class_accuracy
angry,0.0,0.0,0.0,85.0,0.75
happy,0.13253012048192772,0.12941176470588237,0.130952380952381,85.0,0.5705882352941176
neutral,0.027777777777777776,0.023529411764705882,0.025477707006369425,85.0,0.55
sad,0.2648648648648649,0.5764705882352941,0.362962962962963,85.0,0.49411764705882355
accuracy,0.18235294117647058,0.18235294117647058,0.18235294117647058,340.0,0.18235294117647058
macro avg,0.3562931907811426,0.18235294117647058,0.12984826273042835,340.0,
weighted avg,0.35629319078114263,0.18235294117647058,0.12984826273042835,340.0,
