emotion,precision,recall,f1-score,support,class_accuracy
angry,0.27906976744186046,1.0,0.43636363636363634,48.0,0.3541666666666667
happy,0.3157894736842105,0.125,0.1791044776119403,48.0,0.7135416666666666
neutral,0.0,0.0,0.0,48.0,0.75
sad,1.0,0.020833333333333332,0.04081632653061225,48.0,0.7552083333333334
accuracy,0.2864583333333333,0.2864583333333333,0.2864583333333333,192.0,0.2864583333333333
macro avg,0.6487148102815177,0.2864583333333333,0.16407111012654724,192.0,
weighted avg,0.6487148102815178,0.2864583333333333,0.1640711101265472,192.0,
