emotion,precision,recall,f1-score,support,class_accuracy
angry,0.84,0.875,0.8571428571428572,48.0,0.9270833333333334
happy,0.8048780487804879,0.6875,0.7415730337078651,48.0,0.8802083333333334
neutral,0.8064516129032258,0.5208333333333334,0.6329113924050633,48.0,0.8489583333333334
sad,0.5571428571428572,0.8125,0.6610169491525424,48.0,0.7916666666666666
accuracy,0.7239583333333334,0.7239583333333334,0.7239583333333334,192.0,0.7239583333333334
macro avg,0.7521181297066426,0.7239583333333334,0.723161058102082,192.0,
weighted avg,0.7521181297066427,0.7239583333333334,0.723161058102082,192.0,
