emotion,precision,recall,f1-score,support,class_accuracy
angry,0.35467980295566504,0.8470588235294118,0.5,85.0,0.5764705882352941
happy,0.5,0.058823529411764705,0.10526315789473684,85.0,0.75
neutral,0.45,0.4235294117647059,0.43636363636363634,85.0,0.7264705882352941
sad,0.8936170212765957,0.49411764705882355,0.6363636363636364,85.0,0.8588235294117647
accuracy,0.45588235294117646,0.45588235294117646,0.45588235294117646,340.0,0.45588235294117646
macro avg,0.5495742060580652,0.45588235294117646,0.41949760765550237,340.0,
weighted avg,0.5495742060580652,0.45588235294117646,0.4194976076555024,340.0,
