emotion,precision,recall,f1-score,support,class_accuracy
angry,0.6056338028169014,0.8958333333333334,0.7226890756302521,48.0,0.828125
happy,0.52,0.2708333333333333,0.35616438356164387,48.0,0.7552083333333334
neutral,0.6071428571428571,0.7083333333333334,0.6538461538461539,48.0,0.8125
sad,0.6,0.5,0.5454545454545454,48.0,0.7916666666666666
accuracy,0.59375,0.59375,0.59375,192.0,0.59375
macro avg,0.5831941649899397,0.59375,0.5695385396231488,192.0,
weighted avg,0.5831941649899396,0.59375,0.5695385396231488,192.0,
