emotion,precision,recall,f1-score,support,class_accuracy
angry,0.5540540540540541,0.8541666666666666,0.6721311475409837,48.0,0.7916666666666666
happy,0.32142857142857145,0.1875,0.23684210526315794,48.0,0.6979166666666666
neutral,0.609375,0.8125,0.6964285714285714,48.0,0.8229166666666666
sad,0.8076923076923077,0.4375,0.5675675675675675,48.0,0.8333333333333334
accuracy,0.5729166666666666,0.5729166666666666,0.5729166666666666,192.0,0.5729166666666666
macro avg,0.5731374832937333,0.5729166666666666,0.5432423479500701,192.0,
weighted avg,0.5731374832937334,0.5729166666666666,0.5432423479500701,192.0,
