emotion,precision,recall,f1-score,support,class_accuracy
angry,0.6470588235294118,0.22916666666666666,0.3384615384615385,48.0,0.7760416666666666
happy,0.34375,0.22916666666666666,0.27499999999999997,48.0,0.6979166666666666
neutral,0.31007751937984496,0.8333333333333334,0.45197740112994356,48.0,0.4947916666666667
sad,0.14285714285714285,0.041666666666666664,0.06451612903225806,48.0,0.6979166666666666
accuracy,0.3333333333333333,0.3333333333333333,0.3333333333333333,192.0,0.3333333333333333
macro avg,0.3609358714415999,0.33333333333333337,0.282488767155935,192.0,
weighted avg,0.36093587144159994,0.3333333333333333,0.282488767155935,192.0,
