emotion,precision,recall,f1-score,support,class_accuracy
angry,0.2522255192878338,1.0,0.4028436018957346,85.0,0.25882352941176473
happy,0.0,0.0,0.0,85.0,0.7441176470588236
neutral,0.0,0.0,0.0,85.0,0.7470588235294118
sad,0.0,0.0,0.0,85.0,0.75
accuracy,0.25,0.25,0.25,340.0,0.25
macro avg,0.31305637982195844,0.25,0.10071090047393365,340.0,
weighted avg,0.31305637982195844,0.25,0.10071090047393366,340.0,
