emotion,precision,recall,f1-score,support,class_accuracy
angry,0.6842105263157895,0.8125,0.742857142857143,48.0,0.859375
happy,0.64,0.3333333333333333,0.4383561643835616,48.0,0.7864583333333334
neutral,0.5306122448979592,0.5416666666666666,0.5360824742268041,48.0,0.765625
sad,0.47540983606557374,0.6041666666666666,0.5321100917431192,48.0,0.734375
accuracy,0.5729166666666666,0.5729166666666666,0.5729166666666666,192.0,0.5729166666666666
macro avg,0.5825581518198306,0.5729166666666666,0.5623514683026569,192.0,
weighted avg,0.5825581518198306,0.5729166666666666,0.562351468302657,192.0,
