emotion,precision,recall,f1-score,support,class_accuracy
angry,0.5555555555555556,0.058823529411764705,0.10638297872340426,85.0,0.7529411764705882
happy,0.4620253164556962,0.8588235294117647,0.6008230452674898,85.0,0.7147058823529412
neutral,0.43352601156069365,0.8823529411764706,0.5813953488372093,85.0,0.6823529411764706
sad,0.0,0.0,0.0,85.0,0.75
accuracy,0.45,0.45,0.45,340.0,0.45
macro avg,0.6127767208929864,0.44999999999999996,0.32215034320702585,340.0,
weighted avg,0.6127767208929863,0.45,0.32215034320702585,340.0,
