emotion,precision,recall,f1-score,support,class_accuracy
angry,0.275,0.38823529411764707,0.32195121951219513,85.0,0.5911764705882353
happy,0.2511415525114155,0.6470588235294118,0.3618421052631579,85.0,0.4294117647058823
neutral,0.0,0.0,0.0,85.0,0.75
sad,0.0,0.0,0.0,85.0,0.7470588235294118
accuracy,0.25882352941176473,0.25882352941176473,0.25882352941176473,340.0,0.25882352941176473
macro avg,0.38153538812785387,0.25882352941176473,0.17094833119383826,340.0,
weighted avg,0.3815353881278539,0.25882352941176473,0.17094833119383826,340.0,
