emotion,precision,recall,f1-score,support,class_accuracy
angry,0.0,0.0,0.0,85.0,0.75
happy,0.15,0.07058823529411765,0.096,85.0,0.6676470588235294
neutral,0.23076923076923078,0.38823529411764707,0.2894736842105263,85.0,0.5235294117647059
sad,0.4012738853503185,0.7411764705882353,0.5206611570247933,85.0,0.6588235294117647
accuracy,0.3,0.3,0.3,340.0,0.3
macro avg,0.44551077902988734,0.30000000000000004,0.22653371030882993,340.0,
weighted avg,0.4455107790298873,0.3,0.22653371030882993,340.0,
