emotion,precision,recall,f1-score,support,class_accuracy
angry,0.32669322709163345,0.9647058823529412,0.4880952380952381,85.0,0.49411764705882355
happy,0.125,0.011764705882352941,0.02150537634408602,85.0,0.7323529411764705
neutral,0.30612244897959184,0.17647058823529413,0.22388059701492538,85.0,0.6941176470588235
sad,1.0,0.3764705882352941,0.547008547008547,85.0,0.8441176470588235
accuracy,0.38235294117647056,0.38235294117647056,0.38235294117647056,340.0,0.38235294117647056
macro avg,0.43945391901780634,0.38235294117647056,0.32012243961569914,340.0,
weighted avg,0.4394539190178063,0.38235294117647056,0.32012243961569914,340.0,
