emotion,precision,recall,f1-score,support,class_accuracy
angry,0.6515151515151515,0.8958333333333334,0.7543859649122807,48.0,0.8541666666666666
happy,0.6060606060606061,0.4166666666666667,0.4938271604938272,48.0,0.7864583333333334
neutral,0.6486486486486487,0.5,0.5647058823529412,48.0,0.8072916666666666
sad,0.48214285714285715,0.5625,0.5192307692307692,48.0,0.7395833333333334
accuracy,0.59375,0.59375,0.59375,192.0,0.59375
macro avg,0.5970918158418158,0.59375,0.5830374442474546,192.0,
weighted avg,0.5970918158418158,0.59375,0.5830374442474545,192.0,
