emotion,precision,recall,f1-score,support,class_accuracy
angry,0.6949152542372882,0.8541666666666666,0.7663551401869159,48.0,0.8697916666666666
happy,0.7317073170731707,0.625,0.6741573033707865,48.0,0.8489583333333334
neutral,0.7777777777777778,0.5833333333333334,0.6666666666666666,48.0,0.8541666666666666
sad,0.6607142857142857,0.7708333333333334,0.7115384615384616,48.0,0.84375
accuracy,0.7083333333333334,0.7083333333333334,0.7083333333333334,192.0,0.7083333333333334
macro avg,0.7162786587006306,0.7083333333333334,0.7046793929407077,192.0,
weighted avg,0.7162786587006308,0.7083333333333334,0.7046793929407077,192.0,
