emotion,precision,recall,f1-score,support,class_accuracy
angry,0.31386861313868614,0.8958333333333334,0.46486486486486484,48.0,0.484375
happy,0.0,0.0,0.0,48.0,0.75
neutral,0.0,0.0,0.0,48.0,0.75
sad,0.34545454545454546,0.3958333333333333,0.3689320388349515,48.0,0.6614583333333334
accuracy,0.3229166666666667,0.3229166666666667,0.3229166666666667,192.0,0.3229166666666667
macro avg,0.6648307896483079,0.3229166666666667,0.20844922592495407,192.0,
weighted avg,0.6648307896483079,0.3229166666666667,0.20844922592495407,192.0,
