emotion,precision,recall,f1-score,support,class_accuracy
angry,0.6774193548387096,0.875,0.7636363636363636,48.0,0.8645833333333334
happy,0.6285714285714286,0.4583333333333333,0.5301204819277109,48.0,0.796875
neutral,0.7142857142857143,0.625,0.6666666666666666,48.0,0.84375
sad,0.49056603773584906,0.5416666666666666,0.5148514851485149,48.0,0.7447916666666666
accuracy,0.625,0.625,0.625,192.0,0.625
macro avg,0.6277106338579254,0.625,0.618818749344814,192.0,
weighted avg,0.6277106338579254,0.625,0.618818749344814,192.0,
