emotion,precision,recall,f1-score,support,class_accuracy
angry,0.26704545454545453,0.9791666666666666,0.41964285714285715,48.0,0.3229166666666667
happy,0.0,0.0,0.0,48.0,0.75
neutral,0.0,0.0,0.0,48.0,0.75
sad,0.5,0.16666666666666666,0.25,48.0,0.75
accuracy,0.2864583333333333,0.2864583333333333,0.2864583333333333,192.0,0.2864583333333333
macro avg,0.6917613636363636,0.2864583333333333,0.1674107142857143,192.0,
weighted avg,0.6917613636363636,0.2864583333333333,0.16741071428571427,192.0,
