emotion,precision,recall,f1-score,support,class_accuracy
angry,0.7272727272727273,0.6666666666666666,0.6956521739130435,48.0,0.8541666666666666
happy,0.5238095238095238,0.4583333333333333,0.4888888888888889,48.0,0.7604166666666666
neutral,0.5344827586206896,0.6458333333333334,0.5849056603773585,48.0,0.7708333333333334
sad,0.5208333333333334,0.5208333333333334,0.5208333333333334,48.0,0.7604166666666666
accuracy,0.5729166666666666,0.5729166666666666,0.5729166666666666,192.0,0.5729166666666666
macro avg,0.5765995857590686,0.5729166666666667,0.5725700141281561,192.0,
weighted avg,0.5765995857590686,0.5729166666666666,0.572570014128156,192.0,
