emotion,precision,recall,f1-score,support,class_accuracy
angry,0.2571428571428571,0.5625,0.3529411764705882,48.0,0.484375
happy,0.17647058823529413,0.0625,0.09230769230769231,48.0,0.6927083333333334
neutral,0.3333333333333333,0.2916666666666667,0.3111111111111111,48.0,0.6770833333333334
sad,0.14285714285714285,0.08333333333333333,0.10526315789473685,48.0,0.6458333333333334
accuracy,0.25,0.25,0.25,192.0,0.25
macro avg,0.22745098039215683,0.25,0.21540578444603212,192.0,
weighted avg,0.22745098039215683,0.25,0.21540578444603212,192.0,
