emotion,precision,recall,f1-score,support,class_accuracy
angry,0.14893617021276595,0.08235294117647059,0.10606060606060606,85.0,0.6529411764705882
happy,0.21052631578947367,0.09411764705882353,0.13008130081300812,85.0,0.6852941176470588
neutral,0.3228346456692913,0.9647058823529412,0.48377581120943947,85.0,0.4852941176470588
sad,1.0,0.011764705882352941,0.023255813953488372,85.0,0.7529411764705882
accuracy,0.28823529411764703,0.28823529411764703,0.28823529411764703,340.0,0.28823529411764703
macro avg,0.42057428291788274,0.28823529411764703,0.18579338300913553,340.0,
weighted avg,0.4205742829178828,0.28823529411764703,0.1857933830091355,340.0,
