emotion,precision,recall,f1-score,support,class_accuracy
angry,0.5428571428571428,0.3958333333333333,0.4578313253012048,48.0,0.765625
happy,0.16666666666666666,0.020833333333333332,0.037037037037037035,48.0,0.7291666666666666
neutral,0.2517482517482518,0.75,0.3769633507853404,48.0,0.3802083333333333
sad,0.25,0.041666666666666664,0.07142857142857142,48.0,0.7291666666666666
accuracy,0.3020833333333333,0.3020833333333333,0.3020833333333333,192.0,0.3020833333333333
macro avg,0.30281801531801533,0.3020833333333333,0.2358150711380384,192.0,
weighted avg,0.30281801531801533,0.3020833333333333,0.23581507113803843,192.0,
