emotion,precision,recall,f1-score,support,class_accuracy
angry,0.6,0.25,0.35294117647058826,48.0,0.7708333333333334
happy,0.13043478260869565,0.0625,0.08450704225352113,48.0,0.6614583333333334
neutral,0.26174496644295303,0.8125,0.3959390862944163,48.0,0.3802083333333333
sad,0.0,0.0,0.0,48.0,0.75
accuracy,0.28125,0.28125,0.28125,192.0,0.28125
macro avg,0.49804493726291216,0.28125,0.2083468262546314,192.0,
weighted avg,0.49804493726291216,0.28125,0.20834682625463138,192.0,
