emotion,precision,recall,f1-score,support,class_accuracy
angry,0.7692307692307693,0.20833333333333334,0.32786885245901637,48.0,0.7864583333333334
happy,0.21649484536082475,0.4375,0.28965517241379307,48.0,0.4635416666666667
neutral,0.19480519480519481,0.3125,0.24000000000000002,48.0,0.5052083333333334
sad,0.0,0.0,0.0,48.0,0.7239583333333334
accuracy,0.23958333333333334,0.23958333333333334,0.23958333333333334,192.0,0.23958333333333334
macro avg,0.2951327023491972,0.23958333333333334,0.21438100621820239,192.0,
weighted avg,0.2951327023491972,0.23958333333333334,0.2143810062182024,192.0,
