emotion,precision,recall,f1-score,support,class_accuracy
angry,0.42857142857142855,0.2823529411764706,0.3404255319148936,85.0,0.7264705882352941
happy,0.11538461538461539,0.03529411764705882,0.05405405405405405,85.0,0.6911764705882353
neutral,0.3346456692913386,1.0,0.5014749262536873,85.0,0.5029411764705882
sad,1.0,0.047058823529411764,0.0898876404494382,85.0,0.7617647058823529
accuracy,0.3411764705882353,0.3411764705882353,0.3411764705882353,340.0,0.3411764705882353
macro avg,0.4696504283118456,0.3411764705882353,0.24646053816801827,340.0,
weighted avg,0.4696504283118456,0.3411764705882353,0.2464605381680183,340.0,
