emotion,precision,recall,f1-score,support,class_accuracy
angry,0.3170731707317073,0.5416666666666666,0.39999999999999997,48.0,0.59375
happy,0.125,0.041666666666666664,0.0625,48.0,0.6875
neutral,0.26881720430107525,0.5208333333333334,0.35460992907801414,48.0,0.5260416666666666
sad,0.0,0.0,0.0,48.0,0.7447916666666666
accuracy,0.2760416666666667,0.2760416666666667,0.2760416666666667,192.0,0.2760416666666667
macro avg,0.17772259375819566,0.27604166666666663,0.20427748226950354,192.0,
weighted avg,0.17772259375819566,0.2760416666666667,0.20427748226950357,192.0,
