emotion,precision,recall,f1-score,support,class_accuracy
angry,0.3488372093023256,0.5294117647058824,0.4205607476635514,85.0,0.6352941176470588
happy,0.10344827586206896,0.03529411764705882,0.05263157894736842,85.0,0.6823529411764706
neutral,0.3901098901098901,0.8352941176470589,0.5318352059925093,85.0,0.6323529411764706
sad,0.0,0.0,0.0,85.0,0.75
accuracy,0.35,0.35,0.35,340.0,0.35
macro avg,0.4605988438185712,0.35,0.25125688315085726,340.0,
weighted avg,0.46059884381857114,0.35,0.2512568831508573,340.0,
