emotion,precision,recall,f1-score,support,class_accuracy
angry,0.1891891891891892,0.24705882352941178,0.2142857142857143,85.0,0.5470588235294118
happy,0.18292682926829268,0.17647058823529413,0.17964071856287425,85.0,0.5970588235294118
neutral,0.4246575342465753,0.7294117647058823,0.5367965367965367,85.0,0.6852941176470588
sad,1.0,0.011764705882352941,0.023255813953488372,85.0,0.7529411764705882
accuracy,0.2911764705882353,0.2911764705882353,0.2911764705882353,340.0,0.2911764705882353
macro avg,0.4491933881760143,0.29117647058823526,0.23849469589965344,340.0,
weighted avg,0.4491933881760143,0.2911764705882353,0.2384946958996534,340.0,
