emotion,precision,recall,f1-score,support,class_accuracy
angry,0.3125,0.4166666666666667,0.35714285714285715,48.0,0.625
happy,0.18181818181818182,0.041666666666666664,0.06779661016949153,48.0,0.7135416666666666
neutral,0.27586206896551724,0.6666666666666666,0.3902439024390244,48.0,0.4791666666666667
sad,0.0,0.0,0.0,48.0,0.7447916666666666
accuracy,0.28125,0.28125,0.28125,192.0,0.28125
macro avg,0.19254506269592475,0.28125,0.20379584243784327,192.0,
weighted avg,0.19254506269592475,0.28125,0.2037958424378433,192.0,
