emotion,precision,recall,f1-score,support,class_accuracy
angry,0.5652173913043478,0.2708333333333333,0.3661971830985915,48.0,0.765625
happy,0.18421052631578946,0.14583333333333334,0.16279069767441862,48.0,0.625
neutral,0.1724137931034483,0.3125,0.22222222222222224,48.0,0.453125
sad,0.4090909090909091,0.375,0.3913043478260869,48.0,0.7083333333333334
accuracy,0.2760416666666667,0.2760416666666667,0.2760416666666667,192.0,0.2760416666666667
macro avg,0.33273315495362366,0.27604166666666663,0.28562861270532985,192.0,
weighted avg,0.33273315495362366,0.2760416666666667,0.28562861270532985,192.0,
