emotion,precision,recall,f1-score,support,class_accuracy
angry,0.2530487804878049,0.9764705882352941,0.40193704600484265,85.0,0.2735294117647059
happy,0.0,0.0,0.0,85.0,0.7294117647058823
neutral,0.0,0.0,0.0,85.0,0.75
sad,1.0,0.058823529411764705,0.1111111111111111,85.0,0.7647058823529411
accuracy,0.25882352941176473,0.25882352941176473,0.25882352941176473,340.0,0.25882352941176473
macro avg,0.5632621951219512,0.2588235294117647,0.12826203927898844,340.0,
weighted avg,0.5632621951219512,0.25882352941176473,0.12826203927898844,340.0,
