emotion,precision,recall,f1-score,support,class_accuracy
angry,0.44086021505376344,0.9647058823529412,0.6051660516605166,85.0,0.6852941176470588
happy,0.0,0.0,0.0,85.0,0.7147058823529412
neutral,0.5140845070422535,0.8588235294117647,0.6431718061674008,85.0,0.7617647058823529
sad,0.0,0.0,0.0,85.0,0.75
accuracy,0.45588235294117646,0.45588235294117646,0.45588235294117646,340.0,0.45588235294117646
macro avg,0.48873618052400425,0.45588235294117646,0.31208446445697935,340.0,
weighted avg,0.48873618052400425,0.45588235294117646,0.31208446445697935,340.0,
