emotion,precision,recall,f1-score,support,class_accuracy
angry,0.34074074074074073,0.5411764705882353,0.4181818181818182,85.0,0.6235294117647059
happy,0.045454545454545456,0.011764705882352941,0.018691588785046728,85.0,0.6911764705882353
neutral,0.3825136612021858,0.8235294117647058,0.5223880597014926,85.0,0.6235294117647059
sad,0.0,0.0,0.0,85.0,0.75
accuracy,0.34411764705882353,0.34411764705882353,0.34411764705882353,340.0,0.34411764705882353
macro avg,0.442177236849368,0.34411764705882353,0.23981536666708936,340.0,
weighted avg,0.442177236849368,0.34411764705882353,0.23981536666708933,340.0,
