emotion,precision,recall,f1-score,support,class_accuracy
angry,0.0,0.0,0.0,85.0,0.7470588235294118
happy,0.2514792899408284,1.0,0.4018912529550827,85.0,0.25588235294117645
neutral,0.0,0.0,0.0,85.0,0.7470588235294118
sad,0.0,0.0,0.0,85.0,0.75
accuracy,0.25,0.25,0.25,340.0,0.25
macro avg,0.3128698224852071,0.25,0.10047281323877069,340.0,
weighted avg,0.3128698224852071,0.25,0.10047281323877069,340.0,
