emotion,precision,recall,f1-score,support,class_accuracy
angry,0.25297619047619047,1.0,0.40380047505938244,85.0,0.26176470588235295
happy,0.0,0.0,0.0,85.0,0.7382352941176471
neutral,0.0,0.0,0.0,85.0,0.75
sad,0.0,0.0,0.0,85.0,0.75
accuracy,0.25,0.25,0.25,340.0,0.25
macro avg,0.5632440476190477,0.25,0.10095011876484561,340.0,
weighted avg,0.5632440476190477,0.25,0.10095011876484561,340.0,
