emotion,precision,recall,f1-score,support,class_accuracy
angry,0.33962264150943394,0.4235294117647059,0.37696335078534027,85.0,0.65
happy,0.5287356321839081,0.5411764705882353,0.5348837209302326,85.0,0.7647058823529411
neutral,0.38571428571428573,0.3176470588235294,0.3483870967741936,85.0,0.7029411764705882
sad,0.9090909090909091,0.8235294117647058,0.8641975308641976,85.0,0.9352941176470588
accuracy,0.5264705882352941,0.5264705882352941,0.5264705882352941,340.0,0.5264705882352941
macro avg,0.5407908671246342,0.526470588235294,0.531107924838491,340.0,
weighted avg,0.5407908671246342,0.5264705882352941,0.5311079248384909,340.0,
