emotion,precision,recall,f1-score,support,class_accuracy
angry,0.2647058823529412,0.3176470588235294,0.2887700534759359,85.0,0.6088235294117647
happy,0.4772727272727273,0.49411764705882355,0.48554913294797686,85.0,0.7382352941176471
neutral,0.4931506849315068,0.4235294117647059,0.45569620253164556,85.0,0.7470588235294118
sad,0.8961038961038961,0.8117647058823529,0.8518518518518517,85.0,0.9294117647058824
accuracy,0.5117647058823529,0.5117647058823529,0.5117647058823529,340.0,0.5117647058823529
macro avg,0.5328082976652678,0.5117647058823529,0.5204668102018526,340.0,
weighted avg,0.5328082976652678,0.5117647058823529,0.5204668102018525,340.0,
