emotion,precision,recall,f1-score,support,class_accuracy
angry,0.3146853146853147,0.9375,0.4712041884816754,48.0,0.4739583333333333
happy,0.0,0.0,0.0,48.0,0.734375
neutral,0.0,0.0,0.0,48.0,0.75
sad,0.391304347826087,0.375,0.3829787234042554,48.0,0.6979166666666666
accuracy,0.328125,0.328125,0.328125,192.0,0.328125
macro avg,0.4264974156278504,0.328125,0.2135457279714827,192.0,
weighted avg,0.42649741562785043,0.328125,0.21354572797148266,192.0,
