emotion,precision,recall,f1-score,support,class_accuracy
angry,0.5,0.25,0.3333333333333333,48.0,0.75
happy,0.1935483870967742,0.125,0.1518987341772152,48.0,0.6510416666666666
neutral,0.14942528735632185,0.2708333333333333,0.19259259259259262,48.0,0.4322916666666667
sad,0.38,0.3958333333333333,0.3877551020408163,48.0,0.6875
accuracy,0.2604166666666667,0.2604166666666667,0.2604166666666667,192.0,0.2604166666666667
macro avg,0.30574341861327403,0.26041666666666663,0.26639494053598933,192.0,
weighted avg,0.30574341861327403,0.2604166666666667,0.26639494053598933,192.0,
