emotion,precision,recall,f1-score,support,class_accuracy
angry,0.30612244897959184,0.9375,0.46153846153846156,48.0,0.453125
happy,0.0,0.0,0.0,48.0,0.75
neutral,0.4166666666666667,0.3125,0.35714285714285715,48.0,0.71875
sad,0.2222222222222222,0.041666666666666664,0.07017543859649122,48.0,0.7239583333333334
accuracy,0.3229166666666667,0.3229166666666667,0.3229166666666667,192.0,0.3229166666666667
macro avg,0.4862528344671202,0.3229166666666667,0.22221418931945247,192.0,
weighted avg,0.4862528344671202,0.3229166666666667,0.22221418931945247,192.0,
