emotion,precision,recall,f1-score,support,class_accuracy
angry,0.26704545454545453,0.9791666666666666,0.41964285714285715,48.0,0.3229166666666667
happy,0.0,0.0,0.0,48.0,0.734375
neutral,0.7777777777777778,0.14583333333333334,0.24561403508771928,48.0,0.7760416666666666
sad,0.75,0.0625,0.11538461538461539,48.0,0.7604166666666666
accuracy,0.296875,0.296875,0.296875,192.0,0.296875
macro avg,0.44870580808080807,0.296875,0.19516037690379795,192.0,
weighted avg,0.4487058080808081,0.296875,0.19516037690379795,192.0,
