emotion,precision,recall,f1-score,support,class_accuracy
angry,0.34,0.8,0.47719298245614034,85.0,0.5617647058823529
happy,0.5555555555555556,0.11764705882352941,0.1941747572815534,85.0,0.7558823529411764
neutral,0.44155844155844154,0.4,0.41975308641975306,85.0,0.7235294117647059
sad,0.9111111111111111,0.4823529411764706,0.6307692307692309,85.0,0.8588235294117647
accuracy,0.45,0.45,0.45,340.0,0.45
macro avg,0.562056277056277,0.45000000000000007,0.4304725142316694,340.0,
weighted avg,0.562056277056277,0.45,0.43047251423166943,340.0,
