emotion,precision,recall,f1-score,support,class_accuracy
angry,0.6739130434782609,0.6458333333333334,0.6595744680851064,48.0,0.8333333333333334
happy,0.3118279569892473,0.6041666666666666,0.4113475177304964,48.0,0.5677083333333334
neutral,0.0,0.0,0.0,48.0,0.75
sad,0.39622641509433965,0.4375,0.4158415841584158,48.0,0.6927083333333334
accuracy,0.421875,0.421875,0.421875,192.0,0.421875
macro avg,0.595491853890462,0.421875,0.3716908924935046,192.0,
weighted avg,0.595491853890462,0.421875,0.3716908924935047,192.0,
