emotion,precision,recall,f1-score,support,class_accuracy
angry,0.30962343096234307,0.8705882352941177,0.4567901234567901,85.0,0.4823529411764706
happy,0.5,0.058823529411764705,0.10526315789473684,85.0,0.75
neutral,0.48484848484848486,0.18823529411764706,0.2711864406779661,85.0,0.7470588235294118
sad,0.8793103448275862,0.6,0.7132867132867132,85.0,0.8794117647058823
accuracy,0.4294117647058823,0.4294117647058823,0.4294117647058823,340.0,0.4294117647058823
macro avg,0.5434455651596035,0.4294117647058824,0.38663160882905157,340.0,
weighted avg,0.5434455651596035,0.4294117647058823,0.38663160882905157,340.0,
