emotion,precision,recall,f1-score,support,class_accuracy
angry,0.366412213740458,1.0,0.5363128491620112,48.0,0.5677083333333334
happy,1.0,0.020833333333333332,0.04081632653061225,48.0,0.7552083333333334
neutral,0.5227272727272727,0.4791666666666667,0.5,48.0,0.7604166666666666
sad,0.25,0.08333333333333333,0.125,48.0,0.7083333333333334
accuracy,0.3958333333333333,0.3958333333333333,0.3958333333333333,192.0,0.3958333333333333
macro avg,0.5347848716169327,0.3958333333333333,0.30053229392315584,192.0,
weighted avg,0.5347848716169327,0.3958333333333333,0.30053229392315584,192.0,
