emotion,precision,recall,f1-score,support,class_accuracy
angry,0.6842105263157895,0.8125,0.742857142857143,48.0,0.859375
happy,0.5833333333333334,0.2916666666666667,0.38888888888888895,48.0,0.7708333333333334
neutral,0.5238095238095238,0.4583333333333333,0.4888888888888889,48.0,0.7604166666666666
sad,0.4927536231884058,0.7083333333333334,0.5811965811965812,48.0,0.7447916666666666
accuracy,0.5677083333333334,0.5677083333333334,0.5677083333333334,192.0,0.5677083333333334
macro avg,0.5710267516617631,0.5677083333333334,0.5504578754578755,192.0,
weighted avg,0.5710267516617632,0.5677083333333334,0.5504578754578755,192.0,
