emotion,precision,recall,f1-score,support,class_accuracy
angry,0.35555555555555557,1.0,0.5245901639344263,48.0,0.546875
happy,0.0,0.0,0.0,48.0,0.7395833333333334
neutral,0.5483870967741935,0.3541666666666667,0.430379746835443,48.0,0.765625
sad,0.2916666666666667,0.14583333333333334,0.19444444444444448,48.0,0.6979166666666666
accuracy,0.375,0.375,0.375,192.0,0.375
macro avg,0.29890232974910397,0.375,0.2873535888035784,192.0,
weighted avg,0.29890232974910397,0.375,0.2873535888035784,192.0,
