emotion,precision,recall,f1-score,support,class_accuracy
angry,0.25668449197860965,1.0,0.4085106382978723,48.0,0.2760416666666667
happy,0.0,0.0,0.0,48.0,0.75
neutral,0.0,0.0,0.0,48.0,0.75
sad,0.8,0.08333333333333333,0.1509433962264151,48.0,0.765625
accuracy,0.2708333333333333,0.2708333333333333,0.2708333333333333,192.0,0.2708333333333333
macro avg,0.7641711229946524,0.2708333333333333,0.13986350863107186,192.0,
weighted avg,0.7641711229946524,0.2708333333333333,0.13986350863107186,192.0,
