emotion,precision,recall,f1-score,support,class_accuracy
angry,0.7213114754098361,0.9166666666666666,0.8073394495412843,48.0,0.890625
happy,0.6153846153846154,0.5,0.5517241379310345,48.0,0.796875
neutral,0.7647058823529411,0.5416666666666666,0.6341463414634146,48.0,0.84375
sad,0.5172413793103449,0.625,0.5660377358490567,48.0,0.7604166666666666
accuracy,0.6458333333333334,0.6458333333333334,0.6458333333333334,192.0,0.6458333333333334
macro avg,0.6546608381144343,0.6458333333333333,0.6398119161961975,192.0,
weighted avg,0.6546608381144344,0.6458333333333334,0.6398119161961976,192.0,
