emotion,precision,recall,f1-score,support,class_accuracy
angry,0.5555555555555556,0.11764705882352941,0.1941747572815534,85.0,0.7558823529411764
happy,0.6407766990291263,0.7764705882352941,0.7021276595744681,85.0,0.8352941176470589
neutral,0.3712574850299401,0.7294117647058823,0.49206349206349204,85.0,0.6235294117647059
sad,0.75,0.4588235294117647,0.5693430656934307,85.0,0.8264705882352941
accuracy,0.5205882352941177,0.5205882352941177,0.5205882352941177,340.0,0.5205882352941177
macro avg,0.5793974349036555,0.5205882352941177,0.48942724365323603,340.0,
weighted avg,0.5793974349036555,0.5205882352941177,0.48942724365323603,340.0,
