emotion,precision,recall,f1-score,support,class_accuracy
angry,0.32575757575757575,0.8958333333333334,0.4777777777777778,48.0,0.5104166666666666
happy,0.06666666666666667,0.020833333333333332,0.031746031746031744,48.0,0.6822916666666666
neutral,0.5483870967741935,0.3541666666666667,0.430379746835443,48.0,0.765625
sad,0.5,0.14583333333333334,0.22580645161290322,48.0,0.75
accuracy,0.3541666666666667,0.3541666666666667,0.3541666666666667,192.0,0.3541666666666667
macro avg,0.36020283479960896,0.3541666666666667,0.29142750199303896,192.0,
weighted avg,0.36020283479960896,0.3541666666666667,0.2914275019930389,192.0,
