emotion,precision,recall,f1-score,support,class_accuracy
angry,0.06756756756756757,0.058823529411764705,0.0628930817610063,85.0,0.5617647058823529
happy,0.3064516129032258,0.6705882352941176,0.4206642066420664,85.0,0.538235294117647
neutral,0.16666666666666666,0.023529411764705882,0.041237113402061855,85.0,0.7264705882352941
sad,0.8676470588235294,0.6941176470588235,0.7712418300653594,85.0,0.8970588235294118
accuracy,0.36176470588235293,0.36176470588235293,0.36176470588235293,340.0,0.36176470588235293
macro avg,0.35208322649024737,0.36176470588235293,0.3240090579676235,340.0,
weighted avg,0.35208322649024737,0.36176470588235293,0.3240090579676235,340.0,
