emotion,precision,recall,f1-score,support,class_accuracy
angry,0.07853403141361257,0.17647058823529413,0.10869565217391305,85.0,0.27647058823529413
happy,0.0990990990990991,0.12941176470588237,0.11224489795918367,85.0,0.48823529411764705
neutral,0.0,0.0,0.0,85.0,0.75
sad,0.8421052631578947,0.3764705882352941,0.5203252032520325,85.0,0.8264705882352941
accuracy,0.17058823529411765,0.17058823529411765,0.17058823529411765,340.0,0.17058823529411765
macro avg,0.5049345984176516,0.17058823529411765,0.1853164383462823,340.0,
weighted avg,0.5049345984176516,0.17058823529411765,0.18531643834628234,340.0,
