emotion,precision,recall,f1-score,support,class_accuracy
angry,0.5,0.9166666666666666,0.6470588235294118,48.0,0.75
happy,0.4,0.08333333333333333,0.13793103448275862,48.0,0.7395833333333334
neutral,0.47674418604651164,0.8541666666666666,0.6119402985074627,48.0,0.7291666666666666
sad,0.75,0.125,0.21428571428571427,48.0,0.7708333333333334
accuracy,0.4947916666666667,0.4947916666666667,0.4947916666666667,192.0,0.4947916666666667
macro avg,0.531686046511628,0.49479166666666663,0.4028039677013368,192.0,
weighted avg,0.5316860465116279,0.4947916666666667,0.40280396770133686,192.0,
