emotion,precision,recall,f1-score,support,class_accuracy
angry,0.14,0.08235294117647059,0.10370370370370371,85.0,0.6441176470588236
happy,0.3553299492385787,0.8235294117647058,0.49645390070921985,85.0,0.5823529411764706
neutral,0.6666666666666666,0.023529411764705882,0.045454545454545456,85.0,0.7529411764705882
sad,0.7555555555555555,0.8,0.7771428571428571,85.0,0.8852941176470588
accuracy,0.4323529411764706,0.4323529411764706,0.4323529411764706,340.0,0.4323529411764706
macro avg,0.4793880428652002,0.4323529411764706,0.3556887517525815,340.0,
weighted avg,0.47938804286520015,0.4323529411764706,0.3556887517525815,340.0,
