emotion,precision,recall,f1-score,support,class_accuracy
angry,0.3484848484848485,0.9583333333333334,0.5111111111111112,48.0,0.5416666666666666
happy,0.0,0.0,0.0,48.0,0.7291666666666666
neutral,0.4909090909090909,0.5625,0.5242718446601942,48.0,0.7447916666666666
sad,1.0,0.020833333333333332,0.04081632653061225,48.0,0.7552083333333334
accuracy,0.3854166666666667,0.3854166666666667,0.3854166666666667,192.0,0.3854166666666667
macro avg,0.45984848484848484,0.3854166666666667,0.2690498205754794,192.0,
weighted avg,0.4598484848484848,0.3854166666666667,0.2690498205754794,192.0,
