emotion,precision,recall,f1-score,support,class_accuracy
angry,0.3533834586466165,0.9791666666666666,0.5193370165745856,48.0,0.546875
happy,0.125,0.041666666666666664,0.0625,48.0,0.6875
neutral,0.5405405405405406,0.4166666666666667,0.47058823529411764,48.0,0.765625
sad,0.6666666666666666,0.08333333333333333,0.14814814814814814,48.0,0.7604166666666666
accuracy,0.3802083333333333,0.3802083333333333,0.3802083333333333,192.0,0.3802083333333333
macro avg,0.4213976664634559,0.3802083333333333,0.3001433500042128,192.0,
weighted avg,0.42139766646345594,0.3802083333333333,0.3001433500042128,192.0,
