emotion,precision,recall,f1-score,support,class_accuracy
angry,0.5517241379310345,0.18823529411764706,0.2807017543859649,85.0,0.7588235294117647
happy,0.6526315789473685,0.7294117647058823,0.688888888888889,85.0,0.8352941176470589
neutral,0.3898305084745763,0.8117647058823529,0.5267175572519084,85.0,0.6352941176470588
sad,0.8974358974358975,0.4117647058823529,0.5645161290322581,85.0,0.8411764705882353
accuracy,0.5352941176470588,0.5352941176470588,0.5352941176470588,340.0,0.5352941176470588
macro avg,0.6229055306972192,0.5352941176470588,0.5152060823897551,340.0,
weighted avg,0.6229055306972192,0.5352941176470588,0.5152060823897551,340.0,
