emotion,precision,recall,f1-score,support,class_accuracy
angry,0.46153846153846156,0.625,0.5309734513274336,48.0,0.7239583333333334
happy,0.1780821917808219,0.2708333333333333,0.21487603305785122,48.0,0.5052083333333334
neutral,0.42424242424242425,0.2916666666666667,0.345679012345679,48.0,0.7239583333333334
sad,0.5238095238095238,0.22916666666666666,0.31884057971014496,48.0,0.7552083333333334
accuracy,0.3541666666666667,0.3541666666666667,0.3541666666666667,192.0,0.3541666666666667
macro avg,0.39691815034280786,0.3541666666666667,0.3525922691102772,192.0,
weighted avg,0.39691815034280786,0.3541666666666667,0.3525922691102772,192.0,
