experiment_name,angry,happy,neutral,sad
SVC_tess,0.9791666666666666,0.0416666666666666,0.4166666666666667,0.0833333333333333
SVC_with_LDA_tess,0.625,0.2708333333333333,0.2916666666666667,0.2291666666666666
SVC_with_PCA_tess,0.9583333333333334,0.0,0.5625,0.0208333333333333
knn_lda_tess,0.6041666666666666,0.3333333333333333,0.2291666666666666,0.2083333333333333
knn_tess,0.7708333333333334,0.125,0.4375,0.125
knn_with_PCA_tess,0.8958333333333334,0.0208333333333333,0.3541666666666667,0.1458333333333333
mlp_tess,0.8333333333333334,0.0625,0.5625,0.0833333333333333
random_forest_tess,0.9166666666666666,0.0833333333333333,0.8541666666666666,0.125
