experiment_name,angry,happy,neutral,sad
SVC_tess,0.0823529411764705,0.8235294117647058,0.0235294117647058,0.8
SVC_with_LDA_tess,0.188235294117647,0.7294117647058823,0.8117647058823529,0.4117647058823529
SVC_with_PCA_tess,0.0941176470588235,0.8,0.0588235294117647,0.7647058823529411
knn_lda_tess,0.1176470588235294,0.7764705882352941,0.7294117647058823,0.4588235294117647
knn_tess,0.0235294117647058,0.3058823529411765,0.0235294117647058,0.8941176470588236
knn_with_PCA_tess,0.0470588235294117,0.4470588235294118,0.0235294117647058,0.4705882352941176
mlp_tess,0.0588235294117647,0.6705882352941176,0.0235294117647058,0.6941176470588235
random_forest_tess,0.1764705882352941,0.1294117647058823,0.0,0.3764705882352941
